,test_accuracy,cv_mean
KNN,0.9795454545454545,0.965340909090909
Logistic Regression,0.9727272727272728,0.9676136363636363
Decision Tree,0.9795454545454545,0.9846590909090909
Random Forest,0.9954545454545455,0.9943181818181819
